<?xml version="1.0" encoding="UTF-8"?>

<!DOCTYPE hibernate-mapping PUBLIC "-//Hibernate/Hibernate Mapping DTD 3.0//EN"
"http://hibernate.sourceforge.net/hibernate-mapping-3.0.dtd">
<hibernate-mapping package="com.journaldev.hibernate.model">
	<class name="Malattia" table="malattia">
		<id name="id" type="java.lang.Integer">
			<column name="id" />
			<generator class="identity" />
		</id>
		<property name="tipo" type="string" column="tipo" />

		<set name="persone" table="ammalato" fetch="select" cascade="all">
			<key column="idmalattia" />
			<many-to-many class="Persona" column="idpersona" />
		</set>
	</class>

</hibernate-mapping>